,onset,path
0,0.0,/file-data/stimuli/f8e9e60536e57dbfb7d7bc182705c26e8c2312ca.png
1,1.0,/file-data/stimuli/170afee96a89f6b98d6b2d63cff603ea502ce390.png
2,2.0,/file-data/stimuli/04221a1a8ec15f1cadc187666eec68e9dd9a5b7d.png
3,3.0,/file-data/stimuli/81b1fc3d57e5460cc2b9aa3ab6ecb49b50a8de3c.png
4,4.0,/file-data/stimuli/c724d73681a36fae39c05eebd472dbb795d52761.png
5,5.0,/file-data/stimuli/3dbeaeb84077661157607e74b9a7b61756d4bb5e.png
6,6.0,/file-data/stimuli/323bb888180cd8cc624af8fc1b3680d4a2616578.png
7,7.0,/file-data/stimuli/22810d35f11a207abb67ba420fbeabd417361d00.png
8,8.0,/file-data/stimuli/4431c7e6c0623f9a7834f22ddb2e689cab4bf889.png
9,9.0,/file-data/stimuli/2e795c5f29421dc6a2d12c8de03478996ddd3706.png
10,10.0,/file-data/stimuli/1d349a17a24baf12f398ac84dca244f92d330e9a.png
11,11.0,/file-data/stimuli/50f63a3a0eebdf3fdc68dd28f9807048ddd756db.png
12,12.0,/file-data/stimuli/ca2b42902b171572d72fc826c7b5c65a8aa20782.png
13,13.0,/file-data/stimuli/59eeb23eb4fe76cd8d78985b0b7f07e4f855b5db.png
14,14.0,/file-data/stimuli/65aa574d6709a3d1c9deb1d594a6b9af5238a635.png
15,15.0,/file-data/stimuli/8c032daa2f98a5efe8c1a71664fed5a027969d76.png
16,16.0,/file-data/stimuli/740285e25884c46b8976edeb13c940677900e544.png
17,17.0,/file-data/stimuli/2a09cca135d67ea430eba47dce87417dc67d1efc.png
18,18.0,/file-data/stimuli/9d81632987d6f269d4e373e82f00c59d4e9bd1ca.png
19,19.0,/file-data/stimuli/5b32d5ebe1b1a912db96ad899a8b532aa6be2dcb.png
20,20.0,/file-data/stimuli/a3bcfc1e0379784ed23816594a972911269bae16.png
21,21.0,/file-data/stimuli/8716d50731811b23da1a504666b511af62d055e7.png
22,22.0,/file-data/stimuli/c78ef6a3acb97e552a9d4674def213861a4ba9b6.png
23,23.0,/file-data/stimuli/3d4406b867666304e6baea4dd1c7f3565c662e51.png
24,24.0,/file-data/stimuli/ce413f7cdb62f01d06a823bcc9791a77893a4e70.png
25,25.0,/file-data/stimuli/48f0cd7f621b3ec0d50086ce4de777ea57f4fc01.png
26,26.0,/file-data/stimuli/413a2317e916aa22276435bfdcf3c0c94f5eb922.png
27,27.0,/file-data/stimuli/2cefe09ddf0f7ad1f0a698dc67465b5cee79a89d.png
28,28.0,/file-data/stimuli/2aa56ee72e8d3c77bddb16505f192d0e7e968eae.png
29,29.0,/file-data/stimuli/651702f8f01196a8de7d3aad7295194f58af1cc0.png
30,30.0,/file-data/stimuli/89ec7a9ca69450d47bef412c40927ca7abbfffb7.png
31,31.0,/file-data/stimuli/7dd542af8e20d2829fa2c515b9ff7ef9e5b717e2.png
32,32.0,/file-data/stimuli/7a102c7220117dd814b918e37394bc403f851685.png
33,33.0,/file-data/stimuli/03c38afe27f57b80bb0c8cdcf7757bd2f035fb8b.png
34,34.0,/file-data/stimuli/ab7a7118675d13a527c0f55565f6b5366378aa46.png
35,35.0,/file-data/stimuli/f8f83976235caafae7a2846607de07c93fbc2e7b.png
36,36.0,/file-data/stimuli/c95575c316bccd57cc70710dfd6f55965481a0f2.png
37,37.0,/file-data/stimuli/4422b0d33ad012d9cb33fb5d7a8be39dd9aa2295.png
38,38.0,/file-data/stimuli/76fc2f36d0701bbd819634de6f7d73fc71f651d1.png
39,39.0,/file-data/stimuli/a255a0a9fe6dd1be976d6d6ddcae266cf6099aff.png
40,40.0,/file-data/stimuli/1d65b0004ffa6a3b41d593a47c6c375122c1d6de.png
41,41.0,/file-data/stimuli/63d41f6142713dd3ca2f59f839ec14f8874d4a47.png
42,42.0,/file-data/stimuli/08d177fb131e36b069083b3646bf33203da4b242.png
43,43.0,/file-data/stimuli/95e7e97d946d4af7bf2b3955c6a110c55a07cb4e.png
44,44.0,/file-data/stimuli/02e86f3c09e678f4ba6d4db6568303b130abadd1.png
45,45.0,/file-data/stimuli/891474a5491556d4996d8c1f5208cc503de00f91.png
46,46.0,/file-data/stimuli/a9e45d6882ecccd25a2d034f299fac5b4f18bd22.png
47,47.0,/file-data/stimuli/b62fcfaca71ca935ee50b20027d659d8875e175d.png
48,48.0,/file-data/stimuli/4f31ab9125763353822d2aa63e24eee48e1970d4.png
49,49.0,/file-data/stimuli/ccab6d34c81b7bd82ed2d3f7bb8dbd43f85f0a6d.png
50,50.0,/file-data/stimuli/9052299cc37d169bf2f404de78fc55732ab19f55.png
51,51.0,/file-data/stimuli/738c42ff50c17c81edd0fe124ca23650628a856e.png
52,52.0,/file-data/stimuli/cbcd1c4867ec86d77431be46ee53b6d3ded29784.png
53,53.0,/file-data/stimuli/0c2046f7fbc7d428a5809eb15143bd8109f9fdb8.png
54,54.0,/file-data/stimuli/73a7da605ecd9f1c5f0adcc5deec64caa1ad7e4d.png
55,55.0,/file-data/stimuli/8271e9bd0f489234ee3070ced23607565378b453.png
56,56.0,/file-data/stimuli/fa2be41b20ef3c511a25afe7db1bff7c0c8095e0.png
57,57.0,/file-data/stimuli/c1cb880027eae2b0a533f4eeee8c31c7d64e632b.png
58,58.0,/file-data/stimuli/4266547e4800ed191edbfa998d425186154488e0.png
59,59.0,/file-data/stimuli/df6ef0b44613fb46391ce5528714386556aa33b6.png
60,60.0,/file-data/stimuli/9ea4ba2aa79a7eb83cdc3c2bb0e2d92fe63ae1db.png
61,61.0,/file-data/stimuli/b9386088e817934e05137deb7acc07ce7fa03153.png
62,62.0,/file-data/stimuli/3c6c46c309cf0f64f22bebeafd1dd80a03b0467d.png
63,63.0,/file-data/stimuli/38680da820d7b09e9c569073a3016bc5d60bf191.png
64,64.0,/file-data/stimuli/2b66e2816df2331ea2f1ae8c573ece5508d003b4.png
65,65.0,/file-data/stimuli/524be49e9ab7cefcd2695011e6eaf26ca803b92a.png
66,66.0,/file-data/stimuli/580380cec2ce80526808e0f9f477e14931269c0b.png
67,67.0,/file-data/stimuli/c18ea641557a499e7da1e62e9f454597c7860191.png
68,68.0,/file-data/stimuli/56a8e0c470ffc7b8d66ccac52631dc7342a519df.png
69,69.0,/file-data/stimuli/a2dd02386cfd3a3e772f15e27e3a7ab0377d948d.png
70,70.0,/file-data/stimuli/4d4a91fa8b00316c9455b2ff78123eb11fa93882.png
71,71.0,/file-data/stimuli/2c4afe1f4aa4500f16e2a0b414538a9bf74479f4.png
72,72.0,/file-data/stimuli/b36c0591ad2bb851b4895a549c6962d457bc5c23.png
73,73.0,/file-data/stimuli/9ca684e55e308c078761ac3245c85c737fe9e4e2.png
74,74.0,/file-data/stimuli/4535082bf042e69734519d9ef462c8b782310cd1.png
75,75.0,/file-data/stimuli/c8986a685d2b90c04164fb84e92042dc1b0105ee.png
76,76.0,/file-data/stimuli/f90abb48338a3d2c17bf3afda159b152500f9776.png
77,77.0,/file-data/stimuli/330ad0e8757fc470c46aa379d1241730f21f8eae.png
78,78.0,/file-data/stimuli/cd2f7937136dd0777b59abcfe61b5ff38c06bc26.png
79,79.0,/file-data/stimuli/a11ebe4bf0e56b1117ac6435325e77fa251ed3aa.png
80,80.0,/file-data/stimuli/674438e89d063a369ad5218f6a257c6bb37876ad.png
81,81.0,/file-data/stimuli/1f6521e3abf65a18b96c0661ac9e405f02eb2a2e.png
82,82.0,/file-data/stimuli/d76148ec04b71ebbdffc0bdc0c8b7e2a8fc1cc8a.png
83,83.0,/file-data/stimuli/c649ed21e24954ed3395598797d7a4c42fdf9ee4.png
84,84.0,/file-data/stimuli/5b659d49a9c5107f553040d4e7d0997bcdfb7f6a.png
85,85.0,/file-data/stimuli/9511c9f205f6cdd48d57ee7ba3a0d4d5962587bf.png
86,86.0,/file-data/stimuli/c70b652b04cfe5152ce350ca30a578d6285c5a4c.png
87,87.0,/file-data/stimuli/6233cc5bea8baa8e4ef388341ffdcc5624f3dea4.png
88,88.0,/file-data/stimuli/128122f284dd705602a83378b33b579115615e71.png
89,89.0,/file-data/stimuli/6420cfbdbb7dfe9a366c28be87a6d16b89cc44bc.png
90,90.0,/file-data/stimuli/61ad52b9d711fd786119124bf771698303603cda.png
91,91.0,/file-data/stimuli/b8a835dfd7a0d7d4286758e2adf95732424062cc.png
92,92.0,/file-data/stimuli/4640007e10c3e0f97f88722f99b2946659b849dc.png
93,93.0,/file-data/stimuli/7421a286d1a08ea14616d10a2dc5172695deab53.png
94,94.0,/file-data/stimuli/78d822e95265e5ea63c5acee68e2af5a3555418a.png
95,95.0,/file-data/stimuli/a9953333615f0b032dd77eff5116a4fb49e71582.png
96,96.0,/file-data/stimuli/575dc4dfe99b236847acff05d6de9bf68d27fe98.png
97,97.0,/file-data/stimuli/781ae309dbac1ec6105ef788e897f61be9491b9c.png
98,98.0,/file-data/stimuli/71b6f4c8baa8dfc43cad420f7990b04f04cd159d.png
99,99.0,/file-data/stimuli/49c9d2b4767ed91a357cb706b4995173bf05558c.png
100,100.0,/file-data/stimuli/f7fc03dadd23591b5a53c1735a4fd0b5bf1e2a5f.png
101,101.0,/file-data/stimuli/ee3fe0e9b73753ca043f3a7e0ff8b2927d63b06d.png
102,102.0,/file-data/stimuli/be396fdd355c116763f3f075944f8ecabea5acb9.png
103,103.0,/file-data/stimuli/35b4e24d46613610ac38583ef3c7df18020218b1.png
104,104.0,/file-data/stimuli/f4d15752fa5eaa5aad8036e466dbc3b4419e3b04.png
105,105.0,/file-data/stimuli/fc0f171530a6eee05da8f5ac84ecdd109803c18b.png
106,106.0,/file-data/stimuli/1f0323a76d93d4123edb5beb9433617c9b312e71.png
107,107.0,/file-data/stimuli/affc5be22c2e487f474c5fad73181cdb27f3cdb4.png
108,108.0,/file-data/stimuli/8960b2a19ec54222aaf8646c3ac0fdac7ee808b6.png
109,109.0,/file-data/stimuli/a95284c4e34dc2ba71af45193877d225dce69efd.png
110,110.0,/file-data/stimuli/459f316655ba91b59dc07de55f11efdce2398196.png
111,111.0,/file-data/stimuli/5e2039dcf7e892de49de85155e049568fd430d32.png
112,112.0,/file-data/stimuli/a883628e2e313920a85bee0bcfc45fcbeeafe22a.png
113,113.0,/file-data/stimuli/14c9a0f3d7f9db3efed06673dd801297339579fc.png
114,114.0,/file-data/stimuli/5a0b4db8da7af8fff73e1ebfb3cc8fb995a4c8ab.png
115,115.0,/file-data/stimuli/6cd475d9b4e86c4758960351de15e1c5431af9fd.png
116,116.0,/file-data/stimuli/542e153198c8d0228115c0153a014ae6bd9170f3.png
117,117.0,/file-data/stimuli/e93363e250a30fadff2df3e05594bde00ce068c3.png
118,118.0,/file-data/stimuli/69186657a2d39e809017f9a00ef4434719130da0.png
119,119.0,/file-data/stimuli/fc8194ba2709390121ebe40c48e5534c87de8e64.png
120,120.0,/file-data/stimuli/388c8ba6ea61d2b6987ea073e4f65756f02ad120.png
121,121.0,/file-data/stimuli/72d90fe93d28eb26c2aa19bbee33f35a34d918e0.png
122,122.0,/file-data/stimuli/2ab02a2fc2a97f2cba61a122bd4a9d00c38494a7.png
123,123.0,/file-data/stimuli/b3fde0cc6915b6b3c49ff6ffdee68b05e3c89946.png
124,124.0,/file-data/stimuli/1fc25d3def9ea618ba368ba115a96c30e9fda73c.png
125,125.0,/file-data/stimuli/2838b656c3722159cd69a05bf454024bea1b0ccb.png
126,126.0,/file-data/stimuli/66357838054fc88b182486df4c8d7915b4cd5bf2.png
127,127.0,/file-data/stimuli/a1ca28a5eb3ebff3a5425e812ef17552e9eca990.png
128,128.0,/file-data/stimuli/c791ca1250053a67445ca888a72cd7ed90cece0c.png
129,129.0,/file-data/stimuli/1f68d1e272318e8fd5e4ff6f06a05ddc880ae1cd.png
130,130.0,/file-data/stimuli/e88867bdd65d98aaa514cdff5dfb68ccca4c83fd.png
131,131.0,/file-data/stimuli/dd0ec39f39e60c0a204fe9134a441e02e777c201.png
132,132.0,/file-data/stimuli/b142acffa4583a3e5871d691d875f1660f030e3c.png
133,133.0,/file-data/stimuli/bd75ca265e0babb6a75663fb82034a5a1941609e.png
134,134.0,/file-data/stimuli/589fcc804372e63c9c8b58a2db0089a384bb7f8c.png
135,135.0,/file-data/stimuli/61fa8adf9ac0d5f78bb6c624493d2e41777ac33c.png
136,136.0,/file-data/stimuli/84c324409ebacf8b23e7b00cef79902279063a6b.png
137,137.0,/file-data/stimuli/8188321a02e773407dd66e5c8a46b0276b2aacc0.png
138,138.0,/file-data/stimuli/0c50073bc7dca66d06eac7012708c74ac7eafb26.png
139,139.0,/file-data/stimuli/0259bd6a239664ae045f93f810e72ac906f34359.png
140,140.0,/file-data/stimuli/f6e7aa2cefe25af6a2fe52d68e817b362de8bc54.png
141,141.0,/file-data/stimuli/100309a277c5354bf4e141ed885c1972cafce954.png
142,142.0,/file-data/stimuli/758b89ea7bfd4f5f7bd66d2dd791e45c64ebb6e4.png
143,143.0,/file-data/stimuli/6ad4847700491bc9dea329353def427814e9fa7c.png
144,144.0,/file-data/stimuli/153c60173e71a8d243a3972746886e74785a8023.png
145,145.0,/file-data/stimuli/f0a88191af9cc88235476ba1b35c8fe16c7236fd.png
146,146.0,/file-data/stimuli/dbec8ecc84dd99f027c1a3a83ce868bd20f3f861.png
147,147.0,/file-data/stimuli/c662b170ea664096a2ac25a3ebefbb021f2e7a4b.png
148,148.0,/file-data/stimuli/55e16f5011ed2c451213106a0a25ff1427b601fd.png
149,149.0,/file-data/stimuli/6f100e9e9ee429dd6311e29372b826fdd7fe6542.png
150,150.0,/file-data/stimuli/2aa52a7534d7535b2d5f80d1065023a48569ca8b.png
151,151.0,/file-data/stimuli/39db08c8e01214535dcd0ae168011c5db171ed72.png
152,152.0,/file-data/stimuli/c60192509466067e77c2bada8ce2f0a16e8b8c21.png
153,153.0,/file-data/stimuli/7085245375855277092cd3e4265311942d438f54.png
154,154.0,/file-data/stimuli/2cbf12e947c0dc1042e8bdf01935ef4a1c5d0296.png
155,155.0,/file-data/stimuli/bed30d347d148e5c057441917c3dfd8e149f6cab.png
156,156.0,/file-data/stimuli/a9c49b8a30c9be463782e59066379a5680718365.png
157,157.0,/file-data/stimuli/9de5b9a730c8276ac6f212dc36a221e748346ab8.png
158,158.0,/file-data/stimuli/ac3c3588bce87a6d6d54ab930d008a277b26a613.png
159,159.0,/file-data/stimuli/375fff27eccef54867eb17fc1e8ca776503768cd.png
160,160.0,/file-data/stimuli/a53eaf5494a26431a25b392616a448e3e58f6a8e.png
161,161.0,/file-data/stimuli/95f6346d597ffa880009be0a5dfd120485a0a71e.png
162,162.0,/file-data/stimuli/52541c918fe7797e1da9680768a21db5f448fde5.png
163,163.0,/file-data/stimuli/90989b579c4e6265d95e1ea8fa3c18be2106a6da.png
164,164.0,/file-data/stimuli/9b2790d3ed170aff95ceb873a3397609e806e4dc.png
165,165.0,/file-data/stimuli/19741dbed6abf740ecd45ef0aec9789157571886.png
166,166.0,/file-data/stimuli/6d3d024f4a607cb736ec3e8d0b8ba28d2f38f21f.png
167,167.0,/file-data/stimuli/064a9c0b652a796383c7383a75de43b9f6f838f0.png
168,168.0,/file-data/stimuli/eab995ff687c785d96b5c1515c2e26d25361787a.png
169,169.0,/file-data/stimuli/020139f806bcaf93797529f6189343542007e2e8.png
170,170.0,/file-data/stimuli/3e35b0958ccae52ddc8d14993c1529f4f557becf.png
171,171.0,/file-data/stimuli/8c0f91454e8c8f0e1b4894f1afa960775b94c1ff.png
172,172.0,/file-data/stimuli/b12a1357d6a6d5809f56bf651fe9c92311032f21.png
173,173.0,/file-data/stimuli/7e1e6828fe5ee103e80bc756f8478f2828fd0edb.png
174,174.0,/file-data/stimuli/752c6fca40280431862b75121e47ee72dfbeeec3.png
175,175.0,/file-data/stimuli/f9f877e24dd34f327c91c169a97fade62584204c.png
176,176.0,/file-data/stimuli/4d24860ac3d63eb1bc06a549a51683e84c81d15e.png
177,177.0,/file-data/stimuli/9a6bb70f44bb8083e30f8e58a0351b5251cfa522.png
178,178.0,/file-data/stimuli/cdfcc25799165bcaa610981a6075ead664a99289.png
179,179.0,/file-data/stimuli/d4b3d63c48f5012491449c62f0297894b328f0c7.png
180,180.0,/file-data/stimuli/0332e2d6172902f2f168a9f3fd4f4e01eaad7491.png
181,181.0,/file-data/stimuli/c2527a014e67ad23535844e648089c3283960ca3.png
182,182.0,/file-data/stimuli/7a595c453752863608aaa39a520266d4e525b5d2.png
183,183.0,/file-data/stimuli/a8dc825841362a68686de8b85f9cc2aa3c14d7e8.png
184,184.0,/file-data/stimuli/010326c7b36d995be400b06e4fd48a23d0f58f07.png
185,185.0,/file-data/stimuli/28e8766f6e665cabe4b679a9ca5170dbc4d9e36c.png
186,186.0,/file-data/stimuli/a03fc8647f9d9d0fa2085d5440e60cc792d5d9b9.png
187,187.0,/file-data/stimuli/d090232a506d3eacbe8db855d61374e335eee0ba.png
188,188.0,/file-data/stimuli/7f0a2323ccdfd149f3e0bdb7d9929d12e3a61117.png
189,189.0,/file-data/stimuli/b149a612f0490337c212a4bb063d31d7ba054dcf.png
190,190.0,/file-data/stimuli/3ed7f995fea83679b1d428ab5d9d5e8223297d55.png
191,191.0,/file-data/stimuli/27c5815fc60eeb352ac5ac85a74e5140e2b687ca.png
192,192.0,/file-data/stimuli/7464a0d0efb0d0205bf9481a85d8eae5402fce25.png
193,193.0,/file-data/stimuli/4e65ed7845823b312fe141b1222d486906b56374.png
194,194.0,/file-data/stimuli/00a83a0412c4537923a223847fa7da9065304c2e.png
195,195.0,/file-data/stimuli/2cd7261e9baf0b1ff809cc089e2b6b6d98d63e2b.png
196,196.0,/file-data/stimuli/a67a9218558cba99b3ebc2c0c00323eb2116f500.png
197,197.0,/file-data/stimuli/f3a5f82c4cd213edcdbfe1396ef7f657f690c44c.png
198,198.0,/file-data/stimuli/9d38736b7a883676854092a60a50d0cd2a4d1b80.png
199,199.0,/file-data/stimuli/9342cf675c9d73d533c3e60bfc60f9608b20aabb.png
200,200.0,/file-data/stimuli/47fc5fcb260342df13a1b8e656c7e320946ad235.png
201,201.0,/file-data/stimuli/3ace6d9c28ae93c6c049bb7a3253fb89a0013e57.png
202,202.0,/file-data/stimuli/797cb0c41d708eb04804f72e73836a7e692c8685.png
203,203.0,/file-data/stimuli/f2679f7863417298ac8420b5463540bef5d5fed1.png
204,204.0,/file-data/stimuli/a68a289e09a85b03720e76b5a60deada5f9be027.png
205,205.0,/file-data/stimuli/641d1628e1cf240b5a51ee250d3d2830354c0301.png
206,206.0,/file-data/stimuli/1a90ba5ac65488eff5348687ca7d03076fc6f0b1.png
207,207.0,/file-data/stimuli/31b172ba7bdbe08d1c60a28901c9b350aa721865.png
208,208.0,/file-data/stimuli/a6be306fc6b228640057e34a13f09615e73eea1d.png
209,209.0,/file-data/stimuli/f2a288e1248d57808ad5692325b4273dcc792ff4.png
210,210.0,/file-data/stimuli/9363cd4dd190c0723c65d386ae39fdebf40eb619.png
211,211.0,/file-data/stimuli/f96d4128297c1e28c767ac36add78b44e31b7b97.png
212,212.0,/file-data/stimuli/d9616bbbba52fa6db3c2c24a353b197f90676b79.png
213,213.0,/file-data/stimuli/fb25f1f340e44d39c1c16f4ad4b7e5f8103eec7f.png
214,214.0,/file-data/stimuli/40d9e2ee79483be5c0cddb0a56468ee6b220bd1c.png
215,215.0,/file-data/stimuli/fe517707acb434c5b482f6abcd5f6e96c55aa651.png
216,216.0,/file-data/stimuli/e69ae24d7303e0ada21d78b95ad27372c1b955d8.png
217,217.0,/file-data/stimuli/93ba088c9cb437e47e86caa2cfdbd931ce19a05c.png
218,218.0,/file-data/stimuli/f42bc163f77150d725ff85d2c6087670b4b6c409.png
219,219.0,/file-data/stimuli/4d7a047493cbe25b6fffc242342c977ccb9efcf7.png
220,220.0,/file-data/stimuli/c1756d23dd09317eaadeb822df59633cbf71d9bc.png
221,221.0,/file-data/stimuli/0eec3f616e0a316146f1aa394c1b7361e783076d.png
222,222.0,/file-data/stimuli/4e111a4498cf59f0b4395b2000bf9e78c6f1e1e4.png
223,223.0,/file-data/stimuli/78dfe5d8cfdb99f53696c9fa03d16644324b9dc8.png
224,224.0,/file-data/stimuli/26ca96f71df2c1b0b3b8619b0149d47bb3f529c6.png
225,225.0,/file-data/stimuli/539ccf46ccc3045e08d93832e9e435b48a0b7141.png
226,226.0,/file-data/stimuli/80580cbd45157424dda509069d30dcda9019d8c4.png
227,227.0,/file-data/stimuli/e247e47a0b78d60ef147a6fd7276f181241a8cbb.png
228,228.0,/file-data/stimuli/5b0615b27f35fd2917e46536c835039695a2fee8.png
229,229.0,/file-data/stimuli/42b10140662e85337db23ea82c6bcc002257e2f1.png
230,230.0,/file-data/stimuli/6b5827d24e0a8ec7f9857515c8d9db481769c717.png
231,231.0,/file-data/stimuli/0758796803a53928b1d55a1a3b5ac9867ee950ba.png
232,232.0,/file-data/stimuli/21ad723f69a0d0c009a8e552a705c9954bdd2e1a.png
233,233.0,/file-data/stimuli/2edac4533874216d84fc853e55fb2191b57c5eca.png
234,234.0,/file-data/stimuli/de3c80cbd5f6328c1fdb6694ea4f9fda319cacf0.png
235,235.0,/file-data/stimuli/7c69e625a5a5a0e83570a751acf51c9dbbb33405.png
236,236.0,/file-data/stimuli/b3faee40c1fb02dc55b6dbb4554dadb3892f9605.png
237,237.0,/file-data/stimuli/8a081c9a20eb0f89164a2d20fe280000490d814a.png
238,238.0,/file-data/stimuli/ad9aa4cc250e0eadaed07d6534a567210357d7dd.png
239,239.0,/file-data/stimuli/ea0c5a325eb0db477cd058a92ba38dc437dd3ada.png
240,240.0,/file-data/stimuli/3e2fa60d08bb0a66582d5e7999e9981b2b58435f.png
241,241.0,/file-data/stimuli/ec789f2c85169b36cd2337201c97922c347c7d78.png
242,242.0,/file-data/stimuli/0b3c4d12d7fd7e7d6296f7b2af868149fa2623e9.png
243,243.0,/file-data/stimuli/c9fb90a3c763b09c03b4dce5193253c90b6ad666.png
244,244.0,/file-data/stimuli/4eb6a3b99dd4b0a6ad62cd56b28fac684011e35a.png
245,245.0,/file-data/stimuli/a9fba67ce468922c01dafc49affeb59744f66321.png
246,246.0,/file-data/stimuli/713968c348a5aaf70be4ed13f1d94d75974de602.png
247,247.0,/file-data/stimuli/93e6dda7c5be3631d5f42acdc8a3f3e0b0b59883.png
248,248.0,/file-data/stimuli/4b7bec2770df0817fed335cd854c29ee6dfd9bda.png
249,249.0,/file-data/stimuli/42c39e9d01e0e26aec7691f3d162f91216bde3ea.png
250,250.0,/file-data/stimuli/e919418375638e4bf23c946f6e85ac66cd7c2d69.png
251,251.0,/file-data/stimuli/1c3e6e80d882b34a78bc2ff4fba5edc6acbf3b68.png
252,252.0,/file-data/stimuli/a2558374f4dc71799f056ca1b69d71661de6413e.png
253,253.0,/file-data/stimuli/0096a231adb655c465e9a956beb5faa9535b65e2.png
254,254.0,/file-data/stimuli/70ded5e4f570d6aed111216ae0ee809cf5dfd268.png
255,255.0,/file-data/stimuli/7a3978f8eb36dfad1df96fe3b179852c908346b3.png
256,256.0,/file-data/stimuli/c95f275fb19de7661f47d5a723d8da7aa4f97e8b.png
257,257.0,/file-data/stimuli/5807c2b49a3c33f91bf9f50de3ae1669daf49a4d.png
258,258.0,/file-data/stimuli/65fbc0ca960741c232d3146a5ff6de5c67cefe04.png
259,259.0,/file-data/stimuli/88741a0750e90d4132dbe6c4a7fb89074bc61565.png
260,260.0,/file-data/stimuli/3828c7c3edfacf7848ca2d8c7dc89b557f1d025d.png
261,261.0,/file-data/stimuli/0b842cfc365ced0af57432a3081a12a90a83c31e.png
262,262.0,/file-data/stimuli/76a37c7cb192976a833b8e151119f53e4c5389bc.png
263,263.0,/file-data/stimuli/8e3a03246df1f6f16ab210dd7d0daf17148f6527.png
264,264.0,/file-data/stimuli/0c84b3fde5678c4f6c4611e90c46a5126c3f3785.png
265,265.0,/file-data/stimuli/c8f6937507a4980185d8b6507a1f08aad924d515.png
266,266.0,/file-data/stimuli/1af4fb3cc15d250d0e5300af9ed657b27fde2293.png
267,267.0,/file-data/stimuli/fa6d83813869a05dd1008e5e8d0e6f1099349876.png
268,268.0,/file-data/stimuli/8ab79cd05f87d2486dfb7f070ccbb57ce6a9e548.png
269,269.0,/file-data/stimuli/99b489c0265c5cf88dc7b3fb3906a37b9362731c.png
270,270.0,/file-data/stimuli/db06bb69149d48d1536c847da6cee087c9b9a7ae.png
271,271.0,/file-data/stimuli/c13720e411400935e0223b3afee7ffc37749df1a.png
272,272.0,/file-data/stimuli/1c8af5bf0525b0bad7d90c4c1cd4f66981986d73.png
273,273.0,/file-data/stimuli/69baa59a4fd89119dcbfc9b71cbcc94d0c8187b3.png
274,274.0,/file-data/stimuli/34edb06037651f1779f9ef6d0cbb40197e2b0717.png
275,275.0,/file-data/stimuli/90257ee4d7248d2bc8261a1a91f66fa06b0d9a7f.png
276,276.0,/file-data/stimuli/600f487f9222068dd1fe23377ddf67f18c0d2192.png
277,277.0,/file-data/stimuli/406a54e9f316ad99c05ba0083897d47f3bd82c3e.png
278,278.0,/file-data/stimuli/8f93817c14258402b69389c1f1d621c052d96bd8.png
279,279.0,/file-data/stimuli/2e43f9f014edd4c0993af0ad5764795e0ced8f5c.png
280,280.0,/file-data/stimuli/9261962a8185216450619991d4081b35f810bf1f.png
281,281.0,/file-data/stimuli/614f5efc77878765ca8a6c2cc830d847511a6fc6.png
282,282.0,/file-data/stimuli/6e7ea7d51fdadbbdf68a357542bb37116c8593cc.png
283,283.0,/file-data/stimuli/40cfbbf0c7e1f4b8e6010c21c1ef8c28cd34f4d7.png
284,284.0,/file-data/stimuli/021e9f141aa55d1887e57935db873bb05293f1c5.png
285,285.0,/file-data/stimuli/c1cddb30113a3aec5966c4036dbbb78e910a2046.png
286,286.0,/file-data/stimuli/41eb7e1386f617a8c92340823fab376eedc6d16d.png
287,287.0,/file-data/stimuli/70b4a774dfd3cf3bfa73808c317dcb66ea7e37a5.png
288,288.0,/file-data/stimuli/015fe9acc45445a25db7a09a0b235418dcd7c65e.png
289,289.0,/file-data/stimuli/b8e5413755e05a0c566c519800d4408fca667110.png
290,290.0,/file-data/stimuli/7ea07bd121e28326508568ff5fb0b2ec8d8de442.png
291,291.0,/file-data/stimuli/970880e133c7b605f716d15b9db5b2e0490b7356.png
292,292.0,/file-data/stimuli/bf941927e5f874deda3d41c527db90c53446f3d5.png
293,293.0,/file-data/stimuli/8ffbb9459ffc537dc6bfaa901e30021863670f33.png
294,294.0,/file-data/stimuli/6e656a94cf689860de321a0fed01ff02f3485cad.png
295,295.0,/file-data/stimuli/c5133955bc821c491a059c912936c9db9a50b986.png
296,296.0,/file-data/stimuli/51e8db5bd40fd15f135d714127201549ef98fb8b.png
297,297.0,/file-data/stimuli/9102c4e735aa0f28c3a9670e2ad80f1e11818228.png
298,298.0,/file-data/stimuli/f8a31d5952dc89acb1740715a663a511b8bdf118.png
299,299.0,/file-data/stimuli/7842fc77457314fbfc60659a083e3ba8bff2ee85.png
300,300.0,/file-data/stimuli/913e7919f49a7c3c72b5a9784bd0d4b8dccb6d88.png
301,301.0,/file-data/stimuli/366fe2782188fd10501ddeb811cf2dd37fd6cece.png
302,302.0,/file-data/stimuli/44d234e3f09f7a26364366666192a8399d0d093a.png
303,303.0,/file-data/stimuli/9b1a096605d31d2f20fbe351240742298580b807.png
304,304.0,/file-data/stimuli/f0dd1c1e3b3fdbc9d78bac775e99c5e795b44af3.png
305,305.0,/file-data/stimuli/80b2436c03d032e2b9af4ba85da609f734a528a1.png
306,306.0,/file-data/stimuli/1e037c1ed4e6066624629b2f0a700d0b7853d9f7.png
307,307.0,/file-data/stimuli/013ba827b2b746f6723afe634b50c91f67815d9d.png
308,308.0,/file-data/stimuli/9fd89bbe6f0bfea86162acc87cbd547f5b3be150.png
309,309.0,/file-data/stimuli/eab0a147834ae233b2db7e333186c9cf4a163415.png
310,310.0,/file-data/stimuli/b644c914a1cd4566169cd654699dab0d9dc5e6af.png
311,311.0,/file-data/stimuli/8f0f8f21e628c57211fefbc511c89ccaee495ce3.png
312,312.0,/file-data/stimuli/a6cfb911f0483e62ab5eee05006c1cc2d7f63db2.png
313,313.0,/file-data/stimuli/1ac48ee823b0e2663f32ce5d8ad04eb4c0390b6d.png
314,314.0,/file-data/stimuli/bbc1a4911f1ef7c4cf65e7f1cf3bded6721a327f.png
315,315.0,/file-data/stimuli/da49900668bb2d232eb739305a04600b0c70974f.png
316,316.0,/file-data/stimuli/8b163eeed3496dcd0812b915bc9fae96e078cf34.png
317,317.0,/file-data/stimuli/fa06c7f389a5e32a9ea98554fb27c22250b675ad.png
318,318.0,/file-data/stimuli/6f068b7d8473b35d4546746887e8f305dc1ad5af.png
319,319.0,/file-data/stimuli/6056db62565c042a9f6ae19a8ffc99c20f8b8e62.png
320,320.0,/file-data/stimuli/0c3d31f0ec66e27858a4881a21e099e7e590a1f3.png
321,321.0,/file-data/stimuli/571d907e4fd9490e605567a0b5ded976e0e17472.png
322,322.0,/file-data/stimuli/2d5860b6e4aaef9e5cb5b0d6a396c04b644fce5e.png
323,323.0,/file-data/stimuli/b73b2d56a9275aa4a6b13b2c85b80664c68b9416.png
324,324.0,/file-data/stimuli/9ba75c90cc9d4a1711bfe7ed3aad76773b818855.png
325,325.0,/file-data/stimuli/b3df300095db0530ba2669e312048cbf45a407d2.png
326,326.0,/file-data/stimuli/9d3752c9f6e364ee0da9f11fdb7a6a5f58ca449e.png
327,327.0,/file-data/stimuli/f23231db5e692aeeec678651f2c772fd8c5ddafe.png
328,328.0,/file-data/stimuli/9d559d966b255668c71ed31dcc0b3cae8a907334.png
329,329.0,/file-data/stimuli/a381be99d57587854c1e8c30c95ef0499c5841dd.png
330,330.0,/file-data/stimuli/03aa0cfec1974737ba4be52eba4c2af98fe3d40f.png
331,331.0,/file-data/stimuli/21b6573e44b98b78da41aa3467dbe160b193f872.png
332,332.0,/file-data/stimuli/8062e6e3235600a8f2006e589573ee746333a0b4.png
333,333.0,/file-data/stimuli/23f7837251d0557392b9bc5dd4ff7f8e3d5e1522.png
334,334.0,/file-data/stimuli/dba38248059ad0e5c27fa21b3db8003cd1b7956e.png
335,335.0,/file-data/stimuli/cd4e93d5a7dc7888bdbb3d6823dfe7753170dc51.png
336,336.0,/file-data/stimuli/bd90dfb121fd0cab7a119cbafc76c4214c5e5d03.png
337,337.0,/file-data/stimuli/6c5786977c4763c66c9fdadd91041d515ae110db.png
338,338.0,/file-data/stimuli/56c86a69b00c1e6ea1d79185dc1d1593f3b62d32.png
339,339.0,/file-data/stimuli/84af7edbbaf44be3be57ee17123c22093bef4efd.png
340,340.0,/file-data/stimuli/a1c3562b182627719c5587e8f7da08472d750e9b.png
341,341.0,/file-data/stimuli/4936659944f2d7ea5881a30d3518511400b40b1d.png
342,342.0,/file-data/stimuli/16db0a8e8a11d5b94bbe8b5bf49e4697b01e409d.png
343,343.0,/file-data/stimuli/871ea80eed7cb68f16a93644d82949b8fad1aa44.png
344,344.0,/file-data/stimuli/16925505e22abc78fb557afbd02700a5074e017d.png
345,345.0,/file-data/stimuli/a75227702a8d56e4d43e081e959495ddb64b4b31.png
346,346.0,/file-data/stimuli/3ff2f0b090dc0c018967a45adc393f7f79042aad.png
347,347.0,/file-data/stimuli/8572918c4c51d730919479fe808b04854f6c4930.png
348,348.0,/file-data/stimuli/639f58641729f67d5aca8339c34d5cefcf0e876e.png
349,349.0,/file-data/stimuli/55a23435bb9e1e3f58cfc0d22014f74a7b3c9e5d.png
350,350.0,/file-data/stimuli/4be6aa0ffe262b712c82a8b74cc30efb929e0c48.png
351,351.0,/file-data/stimuli/e2a4e2ab5a88ef49effa5bfe0882fc420c6ab7f1.png
352,352.0,/file-data/stimuli/69c77f3f0d41636fc2aaec3b8b6839c4868458c8.png
353,353.0,/file-data/stimuli/f1c6536b8aa706f68c7c661c5c7397df3db0d05b.png
354,354.0,/file-data/stimuli/81e72b2ed594c81f278c804942fa7889eb6ff364.png
355,355.0,/file-data/stimuli/2138e9dca5151215b12d395df1a7be114426a191.png
356,356.0,/file-data/stimuli/b43dfd12411b81acb8554e7fd6864e336feb1c17.png
357,357.0,/file-data/stimuli/e0a579ed41f96771e5f7a60d4baa5a977c6e8cda.png
358,358.0,/file-data/stimuli/eebcd7db808055c01cafae6793e41395f5bd7c3c.png
359,359.0,/file-data/stimuli/296c45b52d0c44a9d6f3abaac8c9620ce906882a.png
360,360.0,/file-data/stimuli/38b14baacb64a750b74812d47de427499390d81e.png
361,361.0,/file-data/stimuli/597316bca4f8e2dbd7e3ae931835ef2f7f9685ad.png
362,362.0,/file-data/stimuli/2997bc0efb2f77973435115c8c7f656898d60cea.png
363,363.0,/file-data/stimuli/87a378178008688924a30528104c40cb035dc796.png
364,364.0,/file-data/stimuli/9dd7db7136c6325258b69eae959b2266aac6f927.png
365,365.0,/file-data/stimuli/058cf26c65409a5260a22b6773b24619a70ec46e.png
366,366.0,/file-data/stimuli/ab3c808ab654b22625c1e24b8c2f66cb16fd6ba7.png
367,367.0,/file-data/stimuli/736cc6d82f0f772983d99bad607d00e62be0f267.png
368,368.0,/file-data/stimuli/44072533dec61ebb979d0829ada9c1ff5d7b36fa.png
369,369.0,/file-data/stimuli/5d166da83d65be5fe8762b2d57ffb4e98ab0e3c3.png
370,370.0,/file-data/stimuli/f16d751d63dcf9304369bc2d84ac921a2af41e6d.png
371,371.0,/file-data/stimuli/bb5238910ede9c9d8842747dd19c2206059523f2.png
372,372.0,/file-data/stimuli/748b7fa84cb907e49d7a2ea2d1f9624d1895ab7e.png
373,373.0,/file-data/stimuli/feeea02f4ec4fb5baa8d9386387ba6e5a40bfe81.png
374,374.0,/file-data/stimuli/91634baf78c2ccbbb667e77dc99df20f82f9b6ff.png
375,375.0,/file-data/stimuli/0f1ebfe0f92d14c95eb9aac48f6d1d480cbef0b9.png
376,376.0,/file-data/stimuli/03c63cda25a847e5812e8ac1996328a1b1e3a723.png
377,377.0,/file-data/stimuli/f1ed1efa63dadbe7817f1c7ad902744406521823.png
378,378.0,/file-data/stimuli/05aaa20af6881489c674e3037288e9fcb42b1778.png
379,379.0,/file-data/stimuli/785fcd801b40ebd6873b5e8c7ecad2a682b6e443.png
380,380.0,/file-data/stimuli/d0737931dc329000c9abaa26836b6141c7fd133c.png
381,381.0,/file-data/stimuli/605d6f938b33590fa7f04e12dfa8b451c1ed94f1.png
382,382.0,/file-data/stimuli/64377e702a4d61025368c8215126abb816125fa8.png
383,383.0,/file-data/stimuli/fbcc3f2468159bb1756c08fdd760cfa6dfb27f76.png
384,384.0,/file-data/stimuli/10884166ff80c61c5fa43b61d360d81d48308431.png
385,385.0,/file-data/stimuli/151e624f1f05b53cf0eec50cc604f24cf6f69382.png
386,386.0,/file-data/stimuli/b91b8277f74ab967f4afa2b5c7401d1681d1d56a.png
387,387.0,/file-data/stimuli/5d2710e3a1f29f14f8b4b821400f763520686fc9.png
388,388.0,/file-data/stimuli/0b63150971f82c0b14b2e58daa687fd7686d6074.png
389,389.0,/file-data/stimuli/e15af2c7d1221dedb976716e5359df8f8d1c784b.png
390,390.0,/file-data/stimuli/a546e3a62117e5d8fa361902ebe07c1a1d6cd993.png
391,391.0,/file-data/stimuli/a0c15100dc16d938dd8d83ed888867f6f2099251.png
392,392.0,/file-data/stimuli/93d4a02ff4d41cc044af381696cfac9612d2655b.png
393,393.0,/file-data/stimuli/ddf25ef2f810df42b4abf17b5a7d626261b9810d.png
394,394.0,/file-data/stimuli/3503d9032f671d050de536fbadff8ff92911865b.png
395,395.0,/file-data/stimuli/0736e7735165babc484c5af9f5a7cf60b84111c2.png
396,396.0,/file-data/stimuli/16e95a16d42f5fe28be478eb64fe81c2b9226ef3.png
397,397.0,/file-data/stimuli/9a4c494c29d158a55643902e7c0b79b9251e2ca2.png
398,398.0,/file-data/stimuli/640ea697c66a048fdb7b33e035b55c4b90a08c1c.png
399,399.0,/file-data/stimuli/9ca18f97e2ac907ff9ba49dcc3c7bc147a97d1df.png
400,400.0,/file-data/stimuli/6b45b18c81b2829d2e9d52345e05ecb45d38dc59.png
401,401.0,/file-data/stimuli/06b82dfdd2be2fe559b502724301716fa6ad21d9.png
402,402.0,/file-data/stimuli/5f27acc8fdff4836f62ed40e8842c739dad373b4.png
403,403.0,/file-data/stimuli/b8f370d437dfc44a7aa542d210a5bf7c8f505f22.png
404,404.0,/file-data/stimuli/93d4313085f505ae03002a5fc3822453e2d39eda.png
405,405.0,/file-data/stimuli/a7f6c96d362d04a8a010c9d54960a1a1cb288b7e.png
406,406.0,/file-data/stimuli/da71a71bb719145ae968421512e3c83cfb967388.png
407,407.0,/file-data/stimuli/fb18a3dca40157d1e58f71b37ad6f32d4be9bfe6.png
408,408.0,/file-data/stimuli/2853754c551e11b0f8d4f4fd3033acc168c53c4e.png
409,409.0,/file-data/stimuli/cdef3f71c494aaee759e882523b4d1a7c5d541d7.png
410,410.0,/file-data/stimuli/fd6d3f6fdf7fa1e23a78c3781be82cb850c83d60.png
411,411.0,/file-data/stimuli/fd3f38a18b1646258506250ae28e8a944015a205.png
412,412.0,/file-data/stimuli/362af9b9308973f6a8a8f0e54bb6ddb737932e63.png
413,413.0,/file-data/stimuli/0bb32cb56313d1af4149dbdabb3552e2de67b8e6.png
414,414.0,/file-data/stimuli/c96108b83939a89a69b3a8fee15b2dc556718923.png
415,415.0,/file-data/stimuli/db38e32e2d96c09a681b21742265b3b539c37471.png
416,416.0,/file-data/stimuli/e0a6e139049e70b7cecc01caadc9eb628b4aaf51.png
417,417.0,/file-data/stimuli/541ab28aa506b004cb27e3b7aae2ce8e4ba7b297.png
418,418.0,/file-data/stimuli/e31bd4c588444160a97e89940533b97fdefb2425.png
419,419.0,/file-data/stimuli/dbfba6fe41b58d4516c0d10bd548eed71d1026d8.png
420,420.0,/file-data/stimuli/e8caf0539476ae1101a6dcab3484e8693d5f5da6.png
421,421.0,/file-data/stimuli/d93c1ecec9608a64441ddf99c25c1d57f8a20864.png
422,422.0,/file-data/stimuli/4640727026ec76a2dc9c8b4d4f6059129cd346eb.png
423,423.0,/file-data/stimuli/696e1d297abc65896cd1962e6785f039a75eb80a.png
424,424.0,/file-data/stimuli/212a52c02533f2951b4f22088f6e94b9c8cc79b1.png
425,425.0,/file-data/stimuli/0d05aff10ccb70f6526edf500bed4231f07fefa7.png
426,426.0,/file-data/stimuli/30ec09add2767a6b2f39734d112048689cf23182.png
427,427.0,/file-data/stimuli/2885eced83228fc7e7e86c15f5fc3f57622f901f.png
428,428.0,/file-data/stimuli/d15811700ee8f3ea22af1eff1a212b08f7e95ee0.png
429,429.0,/file-data/stimuli/35605b77258345cf99a2273c96604b9d5efc087f.png
430,430.0,/file-data/stimuli/538724af2bfd439c4cde24c9429ab4b7a3c9a7f5.png
431,431.0,/file-data/stimuli/a26a9dc49adfdf81949447b96a3ca791c3d089e5.png
432,432.0,/file-data/stimuli/c94f58176f15bebe98ca69dcaa6fe20c87a63ee0.png
433,433.0,/file-data/stimuli/0837b202bcbb2c1dbad8d56124a289cb1b644d9c.png
434,434.0,/file-data/stimuli/967c433327726f17ba786bd48e09ead836a3947d.png
435,435.0,/file-data/stimuli/d98fc8fb09d44d2b749f9aa1093670e5747ca163.png
436,436.0,/file-data/stimuli/a1dfb44a1c7a909634c4a392bc1fc36e0fcc2c7b.png
437,437.0,/file-data/stimuli/4c6a5fde93e3ab1c7c5b2b716cfb8380aa0ac463.png
438,438.0,/file-data/stimuli/ad3384da4f629121621b75c169ad8ce715f5eaa9.png
439,439.0,/file-data/stimuli/b7aecf8a98beea05f27974ea9cca5df2370ffe3c.png
440,440.0,/file-data/stimuli/8b92672ac20e67356e59d4914d94e18d1e423bc5.png
441,441.0,/file-data/stimuli/47851fcb80ae4261f8b6e16dd3735d6feb8c5c1b.png
442,442.0,/file-data/stimuli/a51150416a9631605be767ce8f3a8560c8da8386.png
443,443.0,/file-data/stimuli/a08922bef7552fe6c81aa9cd76e6027b14822518.png
444,444.0,/file-data/stimuli/1ee8d8dfc7f1906dca5e01a3f6797c570e258214.png
445,445.0,/file-data/stimuli/6c7710fb4256fdcba6875916a896ab391d715f8f.png
446,446.0,/file-data/stimuli/2141e90e0a3db6b902f0fef082fe8cadb1fb4719.png
447,447.0,/file-data/stimuli/94d3a9754b7a6de14b833faca4e9703732346406.png
448,448.0,/file-data/stimuli/41206f9ed64391473d1817d7cb2c464b44649359.png
449,449.0,/file-data/stimuli/8f112415f7a5450edca904efcd3f766ac5a494d5.png
450,450.0,/file-data/stimuli/b070b3abe34a59b5cc32a1dbceda4ac7ae75351d.png
451,451.0,/file-data/stimuli/f83482223b643f8cedde0c3973e16b736bccacc6.png
452,452.0,/file-data/stimuli/4f38dac255ca2c4914d57381597aff3465d1cd0b.png
453,453.0,/file-data/stimuli/07f572a79ac8dadc9e000f00ef7374aaea589174.png
454,454.0,/file-data/stimuli/3dc0488ba5f6e9c99549dd876b860dce790142e5.png
455,455.0,/file-data/stimuli/1d46cd84f0b5d3b8958ae113a744a4f3e2238f99.png
456,456.0,/file-data/stimuli/3f9c085115d836660da2bed2f916f7a2242ba0ff.png
457,457.0,/file-data/stimuli/38099310a0c09231bf012e61e622dd3f4749722c.png
458,458.0,/file-data/stimuli/bbc8776bd8a1de2cf26ac68c9295689085f494cc.png
459,459.0,/file-data/stimuli/e4c516b08ef4f5494f1b79d4f144b49b4be58731.png
460,460.0,/file-data/stimuli/e7352b77ff0b85cf6abaf5edc9378f52e7b0cb1b.png
461,461.0,/file-data/stimuli/a30bb19cdcc7056d8a0a7cada51b8e1b9eae8f7a.png
462,462.0,/file-data/stimuli/e2ef45659aaf56cfebcdfbaaeae796445b142eae.png
463,463.0,/file-data/stimuli/d1aff589dfbcf48f1c32582602bfdeb906660be2.png
464,464.0,/file-data/stimuli/c0a2685045b0a5b946690c2f9ba6b92de27c83aa.png
465,465.0,/file-data/stimuli/630aa8043fec71fe3d4376055d504ee616fa924d.png
466,466.0,/file-data/stimuli/ad2aff495d50a4cb6471e9d4a9277c675e1c6bed.png
467,467.0,/file-data/stimuli/b7d596de973f1ad66a3b560d5a3398e3b2e2e3a5.png
468,468.0,/file-data/stimuli/6e6b9a28b4b878f008938746fc5e7e638b1c53f7.png
469,469.0,/file-data/stimuli/606c79b047e6dd291a640ab38425136c538c0054.png
470,470.0,/file-data/stimuli/bb04bdac8eb188ee5975b260659d7f5e90006996.png
471,471.0,/file-data/stimuli/27221b3bb18b582af6098eb33c231c87f1621cee.png
472,472.0,/file-data/stimuli/9a96bd8186b87ef3d34b6ecbe3704c1c996ed388.png
473,473.0,/file-data/stimuli/815f0990053aa958af8f66523ef329ffe928f8ec.png
474,474.0,/file-data/stimuli/7826298f1270578a42ee8f69b171ab2a09fcd8d6.png
475,475.0,/file-data/stimuli/e56eb7838a8a4ec5d48e1b8ba44ddc9f5de1ac1e.png
476,476.0,/file-data/stimuli/b3881b88f222fcb2d58a706dc95d48e39d03a1b7.png
477,477.0,/file-data/stimuli/bd45280b6d5ada494e2f5add32b4668d105d9825.png
478,478.0,/file-data/stimuli/8c090b2b80b78ec38a3ecd8d16373bb31e43da6b.png
479,479.0,/file-data/stimuli/f0e5b802436797dbfe5d1e5f406230024d8474c7.png
480,480.0,/file-data/stimuli/0b016dc2b795aa17f9c931af65525bdc595769d8.png
481,481.0,/file-data/stimuli/73d2fd55c32220b060e2bcd59ecc339b3625b7a7.png
482,482.0,/file-data/stimuli/2bdf960208ea4d52f84b514879d2665e5aca1508.png
483,483.0,/file-data/stimuli/c162afdfd732d3b5ae7819f4cc214d7659945dfd.png
484,484.0,/file-data/stimuli/df5f4a52747536a91d59cd88b8b98ded6a59473b.png
485,485.0,/file-data/stimuli/0fbc0f0bd5e0d2fff81faf9b21767d2eab4fa182.png
486,486.0,/file-data/stimuli/f6b9eddd5ef16b37749c4f7e4534a323e2e6891a.png
487,487.0,/file-data/stimuli/dae3f7d4df051db3ecc4ce7e05fa494bd268112d.png
488,488.0,/file-data/stimuli/df7a95b44b9ee2eb1bd5f93541e59714340e797b.png
489,489.0,/file-data/stimuli/ae762bedccaf24de4b479c52b130aadecc3c47b3.png
490,490.0,/file-data/stimuli/f92dd5d91ea198a7f2bfdf97d2840b9f35258786.png
491,491.0,/file-data/stimuli/79b9b6eae5f7a2c78d49dfaa2a26270f4f80aeb8.png
492,492.0,/file-data/stimuli/40b46959892d90c3d41c2b670874c019da493eea.png
493,493.0,/file-data/stimuli/4c51102b40717fb812a405493f51986eaca45727.png
494,494.0,/file-data/stimuli/9443b0ac052228b264740931e08cc434b97b8c5f.png
495,495.0,/file-data/stimuli/c63e37856b0025eb94c7d489e48d4084c622b9f0.png
496,496.0,/file-data/stimuli/48ee78091c0106c92bd7d1f4f9b206a88e455c35.png
497,497.0,/file-data/stimuli/e210ec6b2fde42ebb42ce386a4662324972730e7.png
498,498.0,/file-data/stimuli/ed088d729f851816c13a8cc9e2c1a3f176552772.png
499,499.0,/file-data/stimuli/7020d2e7dfaf9bf0b15494c51a3f942c40d8b37c.png
500,500.0,/file-data/stimuli/eafe54923d7cf4161160f64244a16bc68781dfea.png
501,501.0,/file-data/stimuli/6c24c9eebf7543c3db78462beee6491720376225.png
502,502.0,/file-data/stimuli/7cd209ea4ab2a9b38736f357a51b5a3c1a1cbbda.png
503,503.0,/file-data/stimuli/5a2c6f285c2a62c17019f3a15236e00e70132ef0.png
504,504.0,/file-data/stimuli/a9e82457d6c679fcebf13b39b2392569a0f7df39.png
505,505.0,/file-data/stimuli/d084f2c3607f9aa3e2d7141a4f04063c93fe34f3.png
506,506.0,/file-data/stimuli/6dce64afc282cc4e5bc67da4979f343d184224aa.png
507,507.0,/file-data/stimuli/395a8044d5d7dece4a948d40ba82d4ab91e42fa6.png
508,508.0,/file-data/stimuli/8c023160f5c59def570b96447ccd119a09e982d0.png
509,509.0,/file-data/stimuli/795d5495563b3c049a5cf87b88fb0a27f9e1e544.png
510,510.0,/file-data/stimuli/49d74a2a1cd298247ee472b19562c19cc13aecde.png
511,511.0,/file-data/stimuli/0666e24ea466a3bb6d5aff4496a6b2ee07da6b7f.png
512,512.0,/file-data/stimuli/c64b1a380289bab60613a1e9dc06a20d742adb01.png
513,513.0,/file-data/stimuli/68d586979eb99621279b76966d71eb38323ab79b.png
514,514.0,/file-data/stimuli/ca618fe14dcda78cd31f7d72fb17610991150f6f.png
515,515.0,/file-data/stimuli/291bcce76daa48da518772fb9dd9e9754c95f9ce.png
516,516.0,/file-data/stimuli/26235562f90880113870b0895c7dc4c665fff6cc.png
517,517.0,/file-data/stimuli/c00af6f50f9bc65647d01ed635bd5d3f0387ff8f.png
518,518.0,/file-data/stimuli/1a92e83cb24a6d787b598ec93eae69c872dbdc18.png
519,519.0,/file-data/stimuli/768af7c77d708e9edc5e94a4ff43d953099a71a2.png
520,520.0,/file-data/stimuli/51ab4d9774c0ec7c772b935fe0f28ffdeb6f2e0a.png
521,521.0,/file-data/stimuli/b36abd459de01289d840a143e95d4c2d297e2639.png
522,522.0,/file-data/stimuli/6f6b390177f44245cdb938cc555191c859a7af66.png
523,523.0,/file-data/stimuli/f04332aa836ba05723257e88e8e1c4c4ce66bf80.png
524,524.0,/file-data/stimuli/eb447dfd6b7052248386d20c0d2fcccd173c2ef2.png
525,525.0,/file-data/stimuli/4ae065ed3673e990571c4227f93b15ea6817401b.png
526,526.0,/file-data/stimuli/21f0728affb17cc0e0cbb7f746d25179770ca04b.png
527,527.0,/file-data/stimuli/02a3d18fdd4950905017a51bce9a57a7dc5d9971.png
528,528.0,/file-data/stimuli/660f68831d60df108c087900fce98c3e43a6a9e3.png
529,529.0,/file-data/stimuli/cfb751bfbc02216e6be0f60a1d3afafcdd705063.png
530,530.0,/file-data/stimuli/46950667999d88c9dae7c6bf3aab30a52f1fe246.png
531,531.0,/file-data/stimuli/d4c81d074132487d00cb915a134be65aa5d5ea8d.png
532,532.0,/file-data/stimuli/bb289f4b10ae1e5e78411b3240280622220a7e39.png
533,533.0,/file-data/stimuli/53815f752988e3b4885a15a421f862c340f3d54f.png
534,534.0,/file-data/stimuli/b07a57c42a9bd077dfb3bc4890d4045fd6bd4d56.png
535,535.0,/file-data/stimuli/9188eed7bc92ca6d84732f12dbb553f74620be42.png
536,536.0,/file-data/stimuli/cd3c3a7c4d0457d288253d0b464ed8a60e71fc94.png
537,537.0,/file-data/stimuli/485422775a638d8b308e50df5d6727750e40b3f9.png
538,538.0,/file-data/stimuli/ab6fe2d8be70d368f7b7cd41e16c2b78a8432045.png
539,539.0,/file-data/stimuli/d9c0576cc2a8682e831a231b7862e104f579fdcf.png
540,540.0,/file-data/stimuli/fcaf07b88bfd25b627972a8960bf3e0c39bf5b31.png
541,541.0,/file-data/stimuli/6336466e73bdc6064d3e5da6eca5449ebf1f2e35.png
542,542.0,/file-data/stimuli/63fd6731fde9c0dab3f80fbb010e9f775c0290fe.png
543,543.0,/file-data/stimuli/32300758ea0c8696d615e2db7831d38579ccd470.png
544,544.0,/file-data/stimuli/56c1227bb7e71a0461fa04b97a3b0623f18ba16a.png
545,545.0,/file-data/stimuli/5df6720d0c6da2c0ebf5125b78454d0ec0d568e7.png
546,546.0,/file-data/stimuli/77529f1d2200fa58ffe4f6535b574db238f4c60f.png
547,547.0,/file-data/stimuli/69e3d3f74aed636a10e8ed3bfe18206272e6d18a.png
548,548.0,/file-data/stimuli/42f4857fe44b56a5a6bc0cee295774cc82547e7f.png
549,549.0,/file-data/stimuli/64b6bae6af8737b9832a000381d78b955162bdea.png
550,550.0,/file-data/stimuli/21aa7728860d101745bb9aa4fc899e6d411c212a.png
551,551.0,/file-data/stimuli/2c10d1ca2d04c4bbf27e32303e8b0a2c54bdaf1f.png
552,552.0,/file-data/stimuli/a9c7ff0756b54724b30257cf0a1febe0d8a9fa6a.png
553,553.0,/file-data/stimuli/fadd4b7515219897d3248c67fe82118ee79b18d4.png
554,554.0,/file-data/stimuli/1efeb09f232d86bc17f553b21a1d7d6a56ca4363.png
555,555.0,/file-data/stimuli/1400556b6ab48dca5aa94d4658b69add406400cc.png
556,556.0,/file-data/stimuli/d7e394948a786c92bf01bba64b75724f50125e20.png
557,557.0,/file-data/stimuli/bda8283ce25974772db940a59ae26b53edf06f12.png
558,558.0,/file-data/stimuli/1110b23ec664cce20c77cc40506a7ddd6eb9060b.png
559,559.0,/file-data/stimuli/164c5d96900d0749f6410fbfb5ebd18e9b779dfb.png
560,560.0,/file-data/stimuli/15a9ebd2edc0ad2b13a05fe0e2a9b3f144418ea1.png
561,561.0,/file-data/stimuli/49c9624b03b3f08bcec48aa8415835c8da8186ac.png
562,562.0,/file-data/stimuli/c473f94374602e31a334212e15bae26d48652986.png
563,563.0,/file-data/stimuli/8a3222f25cc176e6ce828c5fe154b77272dfe968.png
564,564.0,/file-data/stimuli/5ebdcc4071152edd4328f535d84f0ac1db98d172.png
565,565.0,/file-data/stimuli/1df9572eabde67a177741c8396e0679f78aaac11.png
566,566.0,/file-data/stimuli/ab0e0d6f58a44dc7944b8911d38e0cb247c02a3d.png
567,567.0,/file-data/stimuli/2e66650667a4e73c1d6621d15ef2ea8d85fa0636.png
568,568.0,/file-data/stimuli/7ab4191d0f9db67f8726f181e499bb175497ac05.png
569,569.0,/file-data/stimuli/c9a8330e029dc12e68ed9a4de1efdec8cd19f58b.png
570,570.0,/file-data/stimuli/4151c829d9cf428703e2ceb2dc01ab0d91593356.png
571,571.0,/file-data/stimuli/f3cbb90dbc7b81f9c2b805faa0c3619e4b8680f2.png
572,572.0,/file-data/stimuli/9b50c7e8a2aa2ef7bb4c04fab7ec5211bb7fae5f.png
573,573.0,/file-data/stimuli/9f17880e77bc97ec349b535aca0d1341bd99144d.png
574,574.0,/file-data/stimuli/1d7fa35ff690b0da628a4a8a840ebe21a585b499.png
575,575.0,/file-data/stimuli/c17005cbc501eb3ccd1c6d5d779d456d9fd91cd0.png
576,576.0,/file-data/stimuli/00bfbfe1669321d1866b9c67199b78853f57a47c.png
577,577.0,/file-data/stimuli/ede1c90b16692d5393ce663cfea9ae83ef976e36.png
578,578.0,/file-data/stimuli/58501a9016baf6875956d59332133b05c45b7c07.png
579,579.0,/file-data/stimuli/b9a4bcd2a16afddeea6b7dca5990e09848af60e8.png
580,580.0,/file-data/stimuli/8de21fbaf32f6a83f551e8177d555513f7d390d6.png
581,581.0,/file-data/stimuli/c78634459feeb6d9c74a4943a035cb2850833f82.png
582,582.0,/file-data/stimuli/c1a7c00f2ebaf4b40aff589d7939ae74ac1a3c17.png
583,583.0,/file-data/stimuli/be8d478eab4d119c81076181f6abd96ebe7eaf43.png
584,584.0,/file-data/stimuli/650a79069a08c87001b74778aa00d680646ec84c.png
585,585.0,/file-data/stimuli/45d27890727b6cd738ed925091ab6fba7af58510.png
586,586.0,/file-data/stimuli/74455859d31f18c32c2602e74407b442d7df0ae1.png
587,587.0,/file-data/stimuli/1c17a5e43b375f19791232f40720b036a47dc6d1.png
588,588.0,/file-data/stimuli/c7e47f6fd3aefa6fce54d6f79f841906b7545521.png
589,589.0,/file-data/stimuli/038b01dc8d1a5df44b6d88874ba95fd2f0addbcd.png
590,590.0,/file-data/stimuli/578fa24c6d4714945bb2e8e5521587f053d78f47.png
591,591.0,/file-data/stimuli/fccbe277a99e35a19cc1de71b17fcfb29599a2be.png
592,592.0,/file-data/stimuli/3d5f1bf2e91cea8d36d7c19d5acdf0afe71486ab.png
593,593.0,/file-data/stimuli/269547234b7879e473b17dd2a42f0397fa1e9de2.png
594,594.0,/file-data/stimuli/1426efbfccf24c11c635066f54014081fe633548.png
595,595.0,/file-data/stimuli/62a0051ec79f0235256ab8a8214086cad444d2e3.png
596,596.0,/file-data/stimuli/ceb22313eea2ebd304d4fa24d4d2ab0bc9f23895.png
597,597.0,/file-data/stimuli/332e8ea71bd547237b24b7a7a07bce9e78419366.png
598,598.0,/file-data/stimuli/b152bf572d65f01a294f676a43b52c00d35f8639.png
599,599.0,/file-data/stimuli/b65165a9f636e039898bc0106942f37ec39f501f.png
600,600.0,/file-data/stimuli/1decc75993fd121f0dd3222edff4801173df8b22.png
601,601.0,/file-data/stimuli/52e60cbced9a97650afbb195ac2b882ff7ae7b5a.png
602,602.0,/file-data/stimuli/f3e1ee794c2bc922b4eaf8ddb8fe9fd6724d02d9.png
603,603.0,/file-data/stimuli/2644f3132f55de4602f2d5f3a0c96fb2802cc898.png
604,604.0,/file-data/stimuli/c7259cdeae92b6193fb5e0e39a9954620926dcf5.png
605,605.0,/file-data/stimuli/a37ca91c6fc89e67c680f31156cf1d53596e5088.png
606,606.0,/file-data/stimuli/2276b6aa949ded04b0f4d6e6ec533f16cff680ee.png
607,607.0,/file-data/stimuli/89cf5118f5b24547314532a6aeb81317b3679348.png
608,608.0,/file-data/stimuli/76240d8a603b494d063e421b4f8448f37006f6a0.png
609,609.0,/file-data/stimuli/f5997370ab85402aee9d96c787f8cd133bbc9962.png
610,610.0,/file-data/stimuli/ee3e759f747ab5f031c1781c69e7537d747933e7.png
611,611.0,/file-data/stimuli/5cb8135e26cfcb2b0f2191da20fa0a50910e7ab7.png
612,612.0,/file-data/stimuli/85ff85a1a8587803a3c9e98362e2c3d8b499164f.png
613,613.0,/file-data/stimuli/0358a60c46ad70603f38699d45b62f1732b25466.png
614,614.0,/file-data/stimuli/f544c2211b574ea011479fcd8096892b181aebc1.png
615,615.0,/file-data/stimuli/89df90c91ae76acf5c56015af421f6e20e7cfe38.png
616,616.0,/file-data/stimuli/0f57287cf7ff8aa86303cca76b6f2e7ec5be7824.png
617,617.0,/file-data/stimuli/35f984c91407350b177caea25aced74d160b5a90.png
618,618.0,/file-data/stimuli/ecb9a31a2b5703e2aabb76e8aeef052516fd2ffc.png
619,619.0,/file-data/stimuli/b69d4070e621a5e320b334631451499025d2ad10.png
620,620.0,/file-data/stimuli/2e10bd67f5526b38548133ace82c692aca370f61.png
621,621.0,/file-data/stimuli/1c61902d771dbb13751f2ca4771cb0cf2acd3bef.png
622,622.0,/file-data/stimuli/dc80cb6f97529de0478e33408a647f823fe4b1c4.png
623,623.0,/file-data/stimuli/b48f62fef51041f321a63ad64c512dd8a2ce46b9.png
624,624.0,/file-data/stimuli/c9273f8c829fde9a57467a2e7ea91da98d009a44.png
625,625.0,/file-data/stimuli/2a32d237c4844a511c613398dd7c93899ed0fe87.png
626,626.0,/file-data/stimuli/a18d3da3a4c343102d512da06d4342e355e4bed9.png
627,627.0,/file-data/stimuli/9aba24d19128b479927e720a85105657ec2c30f9.png
628,628.0,/file-data/stimuli/086b261203e2d576b8862de6cb0cf599642dfceb.png
629,629.0,/file-data/stimuli/6cb92f03391e0a9191a5246c3eb371096a2c6dca.png
630,630.0,/file-data/stimuli/c3d27ababa56518d5096c080ce57122ee5daf511.png
631,631.0,/file-data/stimuli/314f40e291f791ddfe6ad04afd32cee48852592c.png
632,632.0,/file-data/stimuli/adb4b285a41abcefe4bb2f4fe9bfa677b1667741.png
633,633.0,/file-data/stimuli/16954286a1f8df2ad7ded7a3b87729fac6e4cd80.png
634,634.0,/file-data/stimuli/821098cb47cf7de25df44fb832e80af62718707d.png
635,635.0,/file-data/stimuli/a5512ff536b02dbf093b8068c8aa6ebc8a841fbf.png
636,636.0,/file-data/stimuli/28152b0e9035d700c20d725d7147498cfda9b826.png
637,637.0,/file-data/stimuli/5907b9fbf48d443164d5fadd5dbbb1e9a00db163.png
638,638.0,/file-data/stimuli/c40df3ef4adcea47c2660c8209eeab47165e0b6d.png
639,639.0,/file-data/stimuli/cd2c425d79eef205ba57983d4637152178a21d65.png
640,640.0,/file-data/stimuli/0e5c2e24824775e01b865b679df4472ccf2d3f58.png
641,641.0,/file-data/stimuli/f65ebd3171ed42f3e117f510a60afc0624e84323.png
642,642.0,/file-data/stimuli/a4cb0b5e9cc6138221b3b64d81831083bbba4ce2.png
643,643.0,/file-data/stimuli/da0ab1b791d1d20b542c6a669ee7dc67e09f48e5.png
644,644.0,/file-data/stimuli/71a24b30543f315bb32f76eefbeb8ee017833933.png
645,645.0,/file-data/stimuli/11001f9a1dd63ff418c017121210bf63ff9b6a56.png
646,646.0,/file-data/stimuli/1e63db7b94227b0df7f322564db411faf71fdd37.png
647,647.0,/file-data/stimuli/70993282c747469901e295e7656bd3b80b6cb462.png
648,648.0,/file-data/stimuli/85e8b9f1f29c22a839427ff6bd1ab47405b8c051.png
649,649.0,/file-data/stimuli/2c0f577059391704fdf91973a5d429f14c08f178.png
650,650.0,/file-data/stimuli/c884306ccabe2628778dfaf6ee93b57446364976.png
651,651.0,/file-data/stimuli/82d0f856784d4a488ba70af5930d50189e0f4ae9.png
652,652.0,/file-data/stimuli/0775457345b19a9ec89e6fcc0194331032be3e94.png
653,653.0,/file-data/stimuli/64562c9ff3cb441b0b57d1743ad13ff1cc31130e.png
654,654.0,/file-data/stimuli/d33661a6dd6079693a638fcf7b84146ca977ddc0.png
655,655.0,/file-data/stimuli/79f22430f9f2faebc9b4745148115673a38feaa4.png
656,656.0,/file-data/stimuli/c2d309b4fba87b145eb78b3d171ebe79797b1b38.png
657,657.0,/file-data/stimuli/949cd322e066729737710fdbc39fccdc1b2f7ef6.png
658,658.0,/file-data/stimuli/1bf199fff43c6e9fb2d0ad145e668067b4868244.png
659,659.0,/file-data/stimuli/270888a512dd929be042886ca102eb87f2d5105f.png
660,660.0,/file-data/stimuli/1b07247fffcb0a482e92522566861c20b96caee7.png
661,661.0,/file-data/stimuli/51a9fe9f4a7c2a031d20a902dd4ba7c5ae025ea6.png
662,662.0,/file-data/stimuli/65d6fe201007cde9c09c4236e3636069381753fc.png
663,663.0,/file-data/stimuli/39fad09859755dce09c0c9baf72af6bc1acbf732.png
664,664.0,/file-data/stimuli/4dd241c49788aaac1a8ec870285a6de9a239f9f8.png
665,665.0,/file-data/stimuli/183e1151a571b77ceb7d20ef2a3c964f099fbea5.png
666,666.0,/file-data/stimuli/2ecc62a4165e3f8f87047b6ccabb2636ef0dc165.png
667,667.0,/file-data/stimuli/d1764451c52db28b8b2d088e23918927f747d044.png
668,668.0,/file-data/stimuli/8e61d0ef2a6a5a2a26b741b43d38374faadd3810.png
669,669.0,/file-data/stimuli/0820e9d94e50ad0e07afa7e1153a7d55588287cd.png
670,670.0,/file-data/stimuli/39e126350fa127c0186d7678dd9016285d68e5e2.png
671,671.0,/file-data/stimuli/b43fc6f390e2c501908d179303b6a1b76bbed538.png
672,672.0,/file-data/stimuli/1a767b352fe97d1aae7841208ff71ca1d3df8f64.png
673,673.0,/file-data/stimuli/fa22914fc0b575e540b610c2ea4005ac5deddb82.png
674,674.0,/file-data/stimuli/b589397520188e80ed1829e0db4ecb1e1dcdb42e.png
675,675.0,/file-data/stimuli/070aba33e0360df7aed9bff4895c24e0b372e90a.png
676,676.0,/file-data/stimuli/e09527f0dc0510c7905964c7fbe687ac15754a51.png
677,677.0,/file-data/stimuli/e7456396e5fd354708089eebbc612c36507c4aeb.png
678,678.0,/file-data/stimuli/531443bfce14628456fa72165347af1754b05828.png
679,679.0,/file-data/stimuli/05a450867d732265146c829d59a495ed9f5e775c.png
680,680.0,/file-data/stimuli/aaf9996e44c40b31ec23a50a25407d601af795b7.png
681,681.0,/file-data/stimuli/21b05bffe2c1a01a797611dcf5a9aad037e56a8b.png
682,682.0,/file-data/stimuli/76d1aed69464b0916d242943cf55b4db6561ac0c.png
683,683.0,/file-data/stimuli/59fb51408149c447f0cdc4d8c3ea4fae360ed7c7.png
684,684.0,/file-data/stimuli/aaf90ec72416f49c05e32b93653e3ca71dd5b6cb.png
685,685.0,/file-data/stimuli/dde1c0c3a1a47201a73f433c87df3389af2a15a8.png
686,686.0,/file-data/stimuli/7e6c95bb5c786c5f6117603ef00d9cd5f4365d80.png
687,687.0,/file-data/stimuli/6cf3c0becfca1e06c6f3fff464519867511c0881.png
688,688.0,/file-data/stimuli/4f23b1f6c56f6a5d536b1d36fdec42790f5bca16.png
689,689.0,/file-data/stimuli/6d639ad60818c335fbf3b8457c5efdb73cab7afb.png
690,690.0,/file-data/stimuli/93662962a5d014c78e4b772c78b82b273fadbb97.png
691,691.0,/file-data/stimuli/afcd03a078fc328f929c3ed8c210839c5b1f5873.png
692,692.0,/file-data/stimuli/2d0682472ef88ae2f10f49c1d08045d3c3a71bff.png
693,693.0,/file-data/stimuli/0d68bf3852d4314f1249b62b3b7720af4727b2bc.png
694,694.0,/file-data/stimuli/52b00ce80beeeee44654bc425f8fe10dd87fbbdb.png
695,695.0,/file-data/stimuli/e0111dda78e4a86fcf18a8e9a9b609c5b7af83f9.png
696,696.0,/file-data/stimuli/2cba95708b6a9c5f8ce7118e2471f146783e4dfc.png
697,697.0,/file-data/stimuli/76065f6d5a3bafca2e5c869230e11005a1c75f66.png
698,698.0,/file-data/stimuli/9997b4b1c59cc41bbb423a0a7a1a1cd7c22fd0e4.png
699,699.0,/file-data/stimuli/e6b0a0fcbf8fd6bca7fe1992bf22075c06295219.png
700,700.0,/file-data/stimuli/c2e2fe9aa6a3dcf57016079f435cc12a7ce507da.png
701,701.0,/file-data/stimuli/31eab9b308aa1104a84d5348b39ae00a4d574b13.png
702,702.0,/file-data/stimuli/f9482104b8c0a405e86b3d57e2884374df2835a0.png
703,703.0,/file-data/stimuli/0a7051e28588aec79ec56a7be47bcf31b3f6e5ad.png
704,704.0,/file-data/stimuli/f3cb6b5afc7bab5da92dbf156bd5ac1ba1788f78.png
705,705.0,/file-data/stimuli/95777f565a8cc4587a9f7a7c141dbdc7665b757b.png
706,706.0,/file-data/stimuli/82ebb8b6c7e25c50715eaa0ac2ea92bd22cb4ac3.png
707,707.0,/file-data/stimuli/1a3087fc7d3a91b385a1ddef5f31c6db92e0ebbc.png
708,708.0,/file-data/stimuli/88b7779ac449f9cf052509760fb0c7e9fbc76a74.png
709,709.0,/file-data/stimuli/96e847bd4d0deaea1012f1bfb75c36816ac5f050.png
710,710.0,/file-data/stimuli/fd929d2d73651d1b85874651562c3c7eacca07c8.png
711,711.0,/file-data/stimuli/3a28c0cebec10e371af4ebb17232aba3213214ad.png
712,712.0,/file-data/stimuli/e0a0e1b625bbc18fa7848777625b57aaa4128fa9.png
713,713.0,/file-data/stimuli/f614ce16db921dca8ca7c1afe4611c92e8cbc6f4.png
714,714.0,/file-data/stimuli/723ed0deee98b51ef5d9b7cfcc5d63678f6722bb.png
715,715.0,/file-data/stimuli/70f5c1e087c3a4438112b054ff43ad24f511750a.png
716,716.0,/file-data/stimuli/4e326a6eafe9f23a62a46066fef7df3b7ab3116d.png
717,717.0,/file-data/stimuli/88e3f2fd2843ea9c63f134b9034664b8f78413b4.png
718,718.0,/file-data/stimuli/c958d8cc0df6e9e70068b27c0ccb94388524dd78.png
719,719.0,/file-data/stimuli/dd52a8809d4cdd133580c287dc8922418804ccd8.png
720,720.0,/file-data/stimuli/c62f76c7b424b34b41236cbb354ddc8d6a521bad.png
721,721.0,/file-data/stimuli/3ed2e76496858ee80ad4ee6dcebe2c8b598a554b.png
722,722.0,/file-data/stimuli/8fc73fdc51060f296100b3a0f328ecead0832aef.png
723,723.0,/file-data/stimuli/63c01feec548819a699e267a9320f55eee5e3c4c.png
724,724.0,/file-data/stimuli/9d0b2d6dcd2b9f32842cb580e27130d6d0d68747.png
725,725.0,/file-data/stimuli/c32fde40fdab7432c3fade4ab8e5dc8c86bccd07.png
726,726.0,/file-data/stimuli/5088a7438eea2d274519c954e2dc83a027f96b4b.png
727,727.0,/file-data/stimuli/f2a58870fc36dab6830331adbc73ed6c150c2063.png
728,728.0,/file-data/stimuli/3fcb14b6651c640b20fdc9484e6b0879c423553c.png
729,729.0,/file-data/stimuli/50014aa6f53fbe11755e0c418764cc1d0b5dd146.png
730,730.0,/file-data/stimuli/f53b710f5e5131732dded8c435541c605be5ca34.png
731,731.0,/file-data/stimuli/6ae2842b2da44c970da82c17bb69ff63d7c5963f.png
732,732.0,/file-data/stimuli/121af2e7a72c3839d7c7b6d9b13b2fff603955b6.png
733,733.0,/file-data/stimuli/021b9f94e293b14ee0a2b151921c07a29e7bbd65.png
734,734.0,/file-data/stimuli/32eb8e74586e9aae70675402c2b6f8a2e02ab7f4.png
735,735.0,/file-data/stimuli/f77c80a6320b54f2978d799756dd7a7a06778b46.png
736,736.0,/file-data/stimuli/94853db9d0123630826bf05327e6250e91056ef1.png
737,737.0,/file-data/stimuli/b46c9ab53dd24c67d39188a39285f1869216b0d5.png
738,738.0,/file-data/stimuli/5081fec27bfe5b632f7aeb94604b8d694d835b98.png
739,739.0,/file-data/stimuli/28f99cfd81014c4f81dd49a7505b356b4638b94e.png
740,740.0,/file-data/stimuli/d8c907a310237d109d6df1c76ffd279858b02432.png
741,741.0,/file-data/stimuli/742b05daa60af6b22e7ac30e3f38db8a1cdf7d91.png
742,742.0,/file-data/stimuli/b7b3e75de08e61beaa9b24c85d95d27e5d35a36e.png
743,743.0,/file-data/stimuli/b6576d777175c7319a779df2ed4a13a20e2af2ba.png
744,744.0,/file-data/stimuli/cdadf3b4eaa298997afe53b4ab1a07287199ee48.png
745,745.0,/file-data/stimuli/84b66073260ebb2f8004de81b283a20b4fd9ee1e.png
746,746.0,/file-data/stimuli/0b6db825e963bd983e6c1fd228e7831dd68d919e.png
747,747.0,/file-data/stimuli/30d9a94f0652ccc8227ee5f5a7ee1c7a4b5c21b6.png
748,748.0,/file-data/stimuli/54c75457ee58a5f994368a6237b693832f9290a0.png
749,749.0,/file-data/stimuli/e4dc438ff9b771123161021f5e48d2f965a82cdd.png
750,750.0,/file-data/stimuli/ee1f37d951ba2bb75b814bda008a392da59dcc70.png
751,751.0,/file-data/stimuli/9fe08d2e9ebc2b557f5dffb7ea81da16fee25c36.png
752,752.0,/file-data/stimuli/e8708bc50b18662ef09fc14404aa889c3184040d.png
753,753.0,/file-data/stimuli/49f77bfd5190ab81c79f3f41a5aa48595e9a8713.png
754,754.0,/file-data/stimuli/4f198f8bc8b629363f5c647026d15bd31732a7e7.png
755,755.0,/file-data/stimuli/df35e7cd4f6537d4875ccbf403b6288d0f4296f8.png
756,756.0,/file-data/stimuli/71a7d48be112beae893800bf7c4ca50e4a6aa0e2.png
757,757.0,/file-data/stimuli/247bba66bab137345ba2b1e69b57d427a4622afa.png
758,758.0,/file-data/stimuli/d538d7d0c26d095c1bae96ef81df64b89b19cea8.png
759,759.0,/file-data/stimuli/d554e98145dbf1e18898d89344b090983a4fb66d.png
760,760.0,/file-data/stimuli/1cc4afad2d440fa760d113f203a40831d8f03f94.png
761,761.0,/file-data/stimuli/7185c08c7143c2e01022c814460a6b894900564a.png
762,762.0,/file-data/stimuli/cd5a47f791b2174e2ba10610013bb958b653a41c.png
763,763.0,/file-data/stimuli/3f533b80b8c008464eafe5ce23560cc216d9006e.png
764,764.0,/file-data/stimuli/2c714a806cd1ecbf91bfd85ad0d1b06e0549d3fc.png
765,765.0,/file-data/stimuli/42351bfb37eb2dbd5a75ca053fce4ce8dde1c8ac.png
766,766.0,/file-data/stimuli/c249a9822ab38f2d33f4a7838cc02c5afa33fa21.png
767,767.0,/file-data/stimuli/495103c09ce83fb065636ce863fc1ccab4be0635.png
768,768.0,/file-data/stimuli/c292d40aec6eee0e13d1c499a193c7936eec1e42.png
769,769.0,/file-data/stimuli/454732a12da75b81503b4498f50ea0b15fc28951.png
770,770.0,/file-data/stimuli/f278ea5072265ec62f134722d8c90e80a60dc7ef.png
771,771.0,/file-data/stimuli/1a580bf03773c68aa54781b9310b16415149ca25.png
772,772.0,/file-data/stimuli/a5a709ebc0920415ca678c3ca4fa31cebd5fdd0c.png
773,773.0,/file-data/stimuli/e9dfb33dc15dbb905dcf5fb1e371a148c8de3509.png
774,774.0,/file-data/stimuli/b1f187c6c09443bbb5c58b939450bd7dfd68528a.png
775,775.0,/file-data/stimuli/76c1973799d5af761c53198ec8854030f442d4a3.png
776,776.0,/file-data/stimuli/11d804b8e7fcc12b22eba6d0079bcebeec8e01ab.png
777,777.0,/file-data/stimuli/a00fc32cfe73d905f479124a46526d7358ab85fd.png
778,778.0,/file-data/stimuli/23b4bc05fadaeb11d7873b6b5e11b45c8358421b.png
779,779.0,/file-data/stimuli/9b679c119284e16367907033fbd234de7e571cd2.png
780,780.0,/file-data/stimuli/f68030e72abfd69d4f286e3231e2601c1d3c7476.png
781,781.0,/file-data/stimuli/992dd26fc25f193c6d6366e7b8dbf562b71fd832.png
782,782.0,/file-data/stimuli/37dffaeaa3a8be07b85c4a3a82323ea0240ef9a8.png
783,783.0,/file-data/stimuli/2ea6dedf81a57d2e35d05b78404540d4abe0ab25.png
784,784.0,/file-data/stimuli/7ffa6d0f2d10e01ddfb0c4a6f3949e77dadf0c60.png
785,785.0,/file-data/stimuli/3eee3326d617597949b4f6b3c94227511aa4cf61.png
786,786.0,/file-data/stimuli/067c518ba5746039080a4e0fa1d7405a8d41f4b5.png
787,787.0,/file-data/stimuli/ac9ad005e27da76fd900c540057bd11c4c72d270.png
788,788.0,/file-data/stimuli/6ec6de9308b6274d4aa5afb2c8de033880beaa5e.png
789,789.0,/file-data/stimuli/51ae76d5676939da916f74126999a4c6ff075b49.png
790,790.0,/file-data/stimuli/1dcf74faa4bc6c5812d758068416085e8ff28079.png
791,791.0,/file-data/stimuli/9a343aad53f7b2d6c3c9b534423a9f1c843c55db.png
792,792.0,/file-data/stimuli/c2e3ba60a0c337fbbe1aed08092eab4f2609b83a.png
793,793.0,/file-data/stimuli/de04241318736ffe3ed122286bfa7c590021bc2a.png
794,794.0,/file-data/stimuli/924dd2051355efa8e494c5959f81e2bf45b2a176.png
795,795.0,/file-data/stimuli/e88bebaf2d67f94f8951834afccd9158dbfc5674.png
796,796.0,/file-data/stimuli/bd704c304672cd91474df4aedf93600468b70246.png
797,797.0,/file-data/stimuli/0aa5c02ae4581d99368db04a83245773b23d8f59.png
798,798.0,/file-data/stimuli/51e4b8e980956fc0624085594c24a48bcb58d747.png
799,799.0,/file-data/stimuli/2629fe4f24a2979d45ea601656ffcbc3920a337f.png
800,800.0,/file-data/stimuli/d95d5ac4a2a7e3225a354983764102cda3b4fcfa.png
801,801.0,/file-data/stimuli/8dcdb4dd8aa95be75398c06a04e8649795a337df.png
802,802.0,/file-data/stimuli/dbf89471aa047ca00322c918845c7391e62684bb.png
803,803.0,/file-data/stimuli/ef5b86c0f77ae17abd65a96a9dc23bd4f9068bf4.png
804,804.0,/file-data/stimuli/f2f03613e42f9509d746001beaa683a9179074fa.png
805,805.0,/file-data/stimuli/21c61ff6152ae7b3e73da1d0bacab27cd97732b9.png
806,806.0,/file-data/stimuli/bd1fd0f5afcf7fc81b54dfbf3a4393a5419ed834.png
807,807.0,/file-data/stimuli/a358dab874660babb6d8d15d5d041209e297a929.png
808,808.0,/file-data/stimuli/3e6364fa07864a2001a5e8b1357fafaa7f16f0dc.png
809,809.0,/file-data/stimuli/39dcce4e8d8af7b9f7be8fcb6ab715cfbd21999e.png
810,810.0,/file-data/stimuli/ec04d7ca4dcb51433c17f69e894b2d661827bf83.png
811,811.0,/file-data/stimuli/f6ab4e09af3703705314cc2b22a833c183bb7567.png
812,812.0,/file-data/stimuli/b79a734ff0d3b76a11d0c35fc8eeb318880173f4.png
813,813.0,/file-data/stimuli/55fa7187f742a10081ef1d0c2e71131b5a4ba977.png
814,814.0,/file-data/stimuli/5ffb6a99c68163f070530f7fe23e5753d9215ea4.png
815,815.0,/file-data/stimuli/a19dde509f8d4fd041bc409c144c9de075e5e26f.png
816,816.0,/file-data/stimuli/99995ab390521fa7722e6012a32de6be51246d60.png
817,817.0,/file-data/stimuli/2dd39a3e911cd8bb89699a67a34f534a485545ef.png
818,818.0,/file-data/stimuli/8c69447bca91310a6ab0e5274724ea285bd5f311.png
819,819.0,/file-data/stimuli/2547c541e94e30f24ce67c6315d7e72533d1d137.png
820,820.0,/file-data/stimuli/bfcc04aba56d2eb438d8790ad45e3d53a4612ab2.png
821,821.0,/file-data/stimuli/2e78c1824929ebfc45c44f5e2c0421aeae0fe3cb.png
822,822.0,/file-data/stimuli/5c109a2f6ca421fefaa67574ae55ab212498e597.png
823,823.0,/file-data/stimuli/d2a784ee686210eabc7ead5d379d2c37c0a80a1b.png
824,824.0,/file-data/stimuli/a8c7453f257a5f4ea7223cf2f7c8c70d44d9b154.png
825,825.0,/file-data/stimuli/98ed07721543af69328e664ec4315e8e76da6866.png
826,826.0,/file-data/stimuli/5aeca11da559416cf5eab0b8d8d733c3b6b90528.png
827,827.0,/file-data/stimuli/4c08b4b47202c93f53a1a2d23bbdc854a7149033.png
828,828.0,/file-data/stimuli/15e767967c1059e139c55c1f1becbb009cf81c4e.png
829,829.0,/file-data/stimuli/6518a59da044f9baa355de6fc0b6c33b9bbd97ef.png
830,830.0,/file-data/stimuli/5fc7de5c35145527a55f3dc6a416d928f1fdcb42.png
831,831.0,/file-data/stimuli/a7ece597864ec323ab97ac5dc466c717569ece9d.png
832,832.0,/file-data/stimuli/90364648aa75ebdc2553f7707006d72c775903f6.png
833,833.0,/file-data/stimuli/146313bc0cbbcd3b4fa09be9b9af30fae01afbc4.png
834,834.0,/file-data/stimuli/503d07360a5e96010186fc346a33f75a06637b79.png
835,835.0,/file-data/stimuli/180ae8e596ffb8a2187e202ee267c496835c4baf.png
836,836.0,/file-data/stimuli/642d6a81848cc72f136bd21bc98dc350a0b6c38b.png
837,837.0,/file-data/stimuli/ccee36fa9823f6b58cb52f42486c2260d8a7a1d6.png
838,838.0,/file-data/stimuli/ed245caa1afb5b7a7668c8e25b0af7ed0f0de167.png
839,839.0,/file-data/stimuli/2061e551d6b5921e011a12ccef3a642faed4efe3.png
840,840.0,/file-data/stimuli/092c7e41c209bee69972b44fb2c23235bd60fddd.png
841,841.0,/file-data/stimuli/681a459ca6b1f54369c6c6df23d9da2963cfd1d4.png
842,842.0,/file-data/stimuli/9103bc22217d0173e695dbc7f8b416878ed13090.png
843,843.0,/file-data/stimuli/4d68c58fe8bfe1f6ea8fd3f45313e2f55f8e6b13.png
844,844.0,/file-data/stimuli/aa95ab8f7e49da08c046e0942bd5fbe0367a7b87.png
845,845.0,/file-data/stimuli/6312b699da870bc056d5aab9e56340eeffc81ae5.png
846,846.0,/file-data/stimuli/aece163d92b310a4dccb705bdd286a60573dceca.png
847,847.0,/file-data/stimuli/91b1bd64aaaf32adb9850eba4221fac3bb2b7f43.png
848,848.0,/file-data/stimuli/eff34e2bb087778e8ef1044f87b365eabf6357d4.png
849,849.0,/file-data/stimuli/77beca1b676623d528755329f304675d37e2027d.png
850,850.0,/file-data/stimuli/d2ae102f04cfbf6499e83fa9c522455e0c6e0ca8.png
851,851.0,/file-data/stimuli/0c40d6abf02a4b581c37e34c0abd1c4be7dd46f7.png
852,852.0,/file-data/stimuli/f018467aec730b6241f5b7c17042d0001f0332e3.png
853,853.0,/file-data/stimuli/54d3dfb37c611fe02bf0d6da0d8cdef5d33c2cd2.png
854,854.0,/file-data/stimuli/423ccaff66665c8a5380fbc8de6953c01ec06da5.png
855,855.0,/file-data/stimuli/1fb4b0280fc47aec10bf8f0428a0f9b4045c1a73.png
856,856.0,/file-data/stimuli/d92e1354fc779c2f712a63487faa8ff3c3eba766.png
857,857.0,/file-data/stimuli/bd9f90d94ecc8d2e1dec63e172e73e4c1c56b016.png
858,858.0,/file-data/stimuli/973bfd1f1e737f2cdcb65f04c8b14d6fc024e63f.png
859,859.0,/file-data/stimuli/865b5a01c51306040e81b3a0c9c91930a2e59cf2.png
860,860.0,/file-data/stimuli/1d1c41baefc8f9223b3d6325782e60849bb9076d.png
861,861.0,/file-data/stimuli/b5e53d151b3bd1dfa4dbccc50bdcb56c716f184b.png
862,862.0,/file-data/stimuli/7c5a0e21ad4df2b1fe9f29f53eb717b85fa7c463.png
863,863.0,/file-data/stimuli/df0136621b6071b27556eb4ea40b02ff9160c9c9.png
864,864.0,/file-data/stimuli/ee4ce29b995c4e3804c393bac4f9b6cdfe53b066.png
865,865.0,/file-data/stimuli/3ec899d2ca82c2c300601be0995170641e8bde7e.png
866,866.0,/file-data/stimuli/8f0b04672e8da9710402e85648e83861485aa514.png
867,867.0,/file-data/stimuli/cca40bfdc4be913243998d0a44177f9e66c0e9de.png
868,868.0,/file-data/stimuli/13f16094dd87f2e57f9c192b7bc01362789aa520.png
869,869.0,/file-data/stimuli/600635b987d5bcafaba893c77d08492b7eb9bc64.png
870,870.0,/file-data/stimuli/15e6da599ed466dff96d1e3399843a01274065b0.png
871,871.0,/file-data/stimuli/c34d3ef7aafa9c2259084b907bb7b746566fc475.png
872,872.0,/file-data/stimuli/4ae0054bf291ec968509056802a68de5f8b05059.png
873,873.0,/file-data/stimuli/8d5594a60f3f7caba5bbd18caeda6da7d06e1c13.png
874,874.0,/file-data/stimuli/b4ea8a5e8eda21f5d8b2c9baa5dd3182fe86a136.png
875,875.0,/file-data/stimuli/37d32583791883dcba41feff3e2bccc1f90aacbd.png
876,876.0,/file-data/stimuli/59b54138c1dd290c201464008c68c64aebbc5047.png
877,877.0,/file-data/stimuli/de551ecd8d4ec7da1371ee69c561b71a7011d8a8.png
